M,N,n_trials,success_count,exit_probability,mean_steps_success_only,var_steps_success_only,max_steps
11,9,30,30,1.000000,143.766667,22350.578889,100000
21,17,30,30,1.000000,1276.833333,1022330.872222,100000
31,25,30,30,1.000000,1975.600000,4202444.573333,100000
